<?xml version="1.0" encoding="UTF-8" ?>
<extension version="3.4" type="plugin" method="upgrade" group="vmpayment">
    <name>VM-Interkassa</name>
    <creationDate>May 2016</creationDate>
    <author>GateOn</author>
    <authorUrl>http://www.gateon.net</authorUrl>
    <copyright>Copyright (C) 2016 www.interkassa.com</copyright>
    <license></license>
    <version>1.3</version>
    <description>Interkassa</description>
	
	<languages>		
		<language tag="ru-RU">plugins/vmpayment/interkassa/language/ru-RU/ru-RU.plg_vmpayment_interkassa.ini</language>
		<language tag="en-GB">plugins/vmpayment/interkassa/language/en-GB/en-GB.plg_vmpayment_interkassa.ini</language>
    </languages>
	<files>
		<filename plugin="interkassa">interkassa.php</filename>
		<filename plugin="interkassa">api.tpl.php</filename>
		<filename plugin="interkassa">language/ru-RU/ru-RU.plg_vmpayment_interkassa.ini</filename>
		<filename plugin="interkassa">language/en-GB/en-GB.plg_vmpayment_interkassa.ini</filename>
		<folder plugin="interkassa">paysystems</folder>
	</files>
	
    <vmconfig>
        <fields name="params" >          		
			<fieldset name="payment" addfieldpath="/administrator/components/com_virtuemart/fields">	
			
				<field name="merchant_id" type="text" size="100" label="INTERKASSA_MERCHANT_ID" description="INTERKASSA_MERCHANT_ID_DESC"/>
				
				<field name="secret_key" type="text" size="100" label="INTERKASSA_SECRET_KEY" description="INTERKASSA_SECRET_KEY_DESC"/>

				<field name="test_key" type="text" size="100" label="INTERKASSA_TEST_KEY" description="INTERKASSA_TEST_KEY_DESC"/>

				<field name="test_mode" type="radio" default="1" label="INTERKASSA_TEST_MODE"  description="INTERKASSA_TEST_MODE_DESC" >
                    <option value="0">INTERKASSA_TEST_MODE_ON</option>
                    <option value="1">INTERKASSA_TEST_MODE_OFF</option>
                </field>	
				
				
				<field name="api_id" type="text" size="100" label="INTERKASSA_API_ID" description="INTERKASSA_API_ID_DESC"/>

				<field name="api_key" type="text" size="100" label="INTERKASSA_API_KEY" description="INTERKASSA_API_KEY_DESC"/>

				<field name="api_status" type="radio" default="1" label="INTERKASSA_API_STATUS"  description="INTERKASSA_API_STATUS_DESC" >
                    <option value="1">INTERKASSA_API_ON</option>
                    <option value="0">INTERKASSA_API_OFF</option>
                </field>	
				


				<field name="hash_alg" type="list" default="md5" label="INTERKASSA_HASH_TYPE"  description="INTERKASSA_HASH_TYPE_DESC">
                    <option value="sha256">sha256</option>
                    <option value="md5">md5</option>
                </field>	

				<field type="vmorderstate" name="status_success" scope="com_virtuemart" default="C" label="INTERKASSA_STATUS_SUCCESS" description="INTERKASSA_STATUS_SUCCESS_DESC" />
				<field type="vmorderstate" name="status_canceled" scope="com_virtuemart" default="X" label="INTERKASSA_STATUS_FAILED" description="INTERKASSA_STATUS_FAILED_DESC" />
				<field type="vmorderstate" name="status_pending" scope="com_virtuemart" default="P" label="INTERKASSA_STATUS_PENDING" description="INTERKASSA_STATUS_PENDING_DESC" />
			</fieldset>

        </fields>
    </vmconfig>

</extension>
